{
    "countries" : {
        "addCountry": {
            "name" : "required",
            "code" : "not required",
            "status" : "not required"
        },
        "getCountry": {
            "token" : "required"
        },
        "listCountry": {},
        "updateCountry": {
            "name" : "required",
            "code" : "not required",
            "status" : "not required",
            "token": "required"
        }
    },

    "states" : {
        "addState" : {
            "name" : "required",
            "code" : "no required",
            "country" : "required",
            "status" : "not required"
        },
        "getState" : {
            "token" : "required"
        },
        "listState": {},
        "updateState": {
            "name": "required",
            "code": "not required",
            "country" : "required",
            "status" : "not required",
            "token": "required"
        },
        "filterState" : {
            "country" : "required"
        }
    },

    "hospitals" : {
        "addHospital" : {
            "name" : "required",
            "address" : "required",
            "stateID" : "required",
            "countryID" : "required"
        },
        "getHospital" : {
            "token" : "required"
        },
        "listHospital" : {},
        "updateHospital" : {
            "name" : "required",
            "address" : "required",
            "state" : "required",
            "country" : "required",
            "status" : "required",
            "token" : "required"
        }
    },

    "doctors" : {
        "addDoctor" : {
            "name" : "required",
            "specialization" : "required",
            "qualification" : "required",
            "location" : "required",
            "fellow": "required",
            "area": "required",
            "work": "required",
            "more": "required",
            "type": "required"
        },
        "getDoctor" : {
            "token" : "required"
        },
        "listDoctor" : {},
        "filterDoctor" : {
            "countries" : "required"
        },
        "updateDoctor" : {
            "name" : "required",
            "specialization" : "required",
            "qualification" : "required",
            "location" : "required",
            "fellow": "required",
            "area": "required",
            "work": "required",
            "more": "required",
            "type": "required",
            "status" : "required",
            "token" : "required"
        }
    },
    "treatments" : {
        "addTreatment" : {
            "name" : "required",
            "code" : "not required",
            "description" : "required",
            "countries" : "required",
            "doctors" : "required"
        },
        "getTreatment" : {
            "token" : "required"
        },
        "listTreatment" : {},
        "updateTreatment" : {
            "name" : "required",
            "code" : "not required",
            "description" : "required",
            "countries" : "required",
            "doctors" : "required",
            "status" : "required",
            "token" : "required"
        }
    }
}